<?xml version="1.0" encoding="iso-8859-1" standalone="yes"?>
<installation version="1.0">
    <variables>
        <variable name="DesktopShortcutCheckboxEnabled" value="true"/>
    </variables>
    <info>
        <appname>@CPACK_PACKAGE_NAME@</appname>
        <appversion>@CPACK_PACKAGE_VERSION@</appversion>
        <authors>
            <author email="frederic.heem@stateforge.com" name="Frederic Heem"/>
        </authors>
        <url>http://www.stateforge.com</url>
        <!--<javaversion>1.6</javaversion>-->
        <uninstaller name="Uninstaller.jar" write="yes"/>
        <requiresjdk>no</requiresjdk>
        <writeinstallationinformation>no</writeinstallationinformation>
        <pack200/>
    </info>
    <guiprefs height="400" resizable="no" width="700">
        <modifier key="useFlags" value="yes"/>
        <modifier key="langDisplayType" value="default"/>
    </guiprefs>
    <locale>
        <langpack iso3="eng"/>
    </locale>
    <resources>
        <res id="HTMLInfoPanel.readme" src="README.html"/>
        <res id="LicencePanel.licence" parse="yes" src="../license.md"/>
        <res id="Installer.image" src="packaging/IzPack/LogoCppSide_200x300.png"/>
        <!--<res id="Heading.image" src="doc\Images\LogoCpp_320x320.png"/>-->
        <res id="shortcutSpec.xml" src="packaging/IzPack/default_shortcut_specification.xml" />
        <res id="RegistrySpec.xml" src="packaging/IzPack/RegistrySpec.xml" />
        <res id="TargetPanel.dir.windows" src="packaging/IzPack/defaultInstallDir.txt" />
        <res id="ProcessPanel.Spec.xml" src="packaging/IzPack/ProcessPanelSpec.xml" />
    </resources>
    <panels>
        <!--<panel classname="CheckedHelloPanel"/>-->
        <panel classname="HTMLInfoPanel" id="readme" />
        <panel classname="LicencePanel"/>
        <panel classname="TargetPanel"/>
        <panel classname="InstallPanel"/>
        <panel classname="ShortcutPanel"/>
        <panel classname="ProcessPanel"/>
        <panel classname="SimpleFinishPanel"/>
    </panels>
    <packs>
        <pack name="Core" preselected="yes" required="yes">
            <description/>
            <file override="update"
                src="bin\StateBuilderCpp.exe" targetdir="$INSTALL_PATH/bin">
                <os family="Windows"/>
            </file>
            <file override="update"
                  src="..\..\StateEditor\bin\StateEditor.exe" targetdir="$INSTALL_PATH/bin">
              <os family="Windows"/>
            </file>
            <file override="update"
                  src="..\..\StateEditor\bin\Qt5Core.dll" targetdir="$INSTALL_PATH/bin">
              <os family="Windows"/>
            </file>
            <file override="update"
                            src="..\..\StateEditor\bin\Qt5Gui.dll" targetdir="$INSTALL_PATH/bin">
              <os family="Windows"/>
            </file>
            <file override="update"
                            src="..\..\StateEditor\bin\Qt5Widgets.dll" targetdir="$INSTALL_PATH/bin">
                <os family="Windows"/>
            </file>
            <file override="update"
                            src="..\..\StateEditor\bin\Qt5Network.dll" targetdir="$INSTALL_PATH/bin">
              <os family="Windows"/>
            </file>
            <file override="update"
                            src="..\..\StateEditor\bin\Qt5WebKit.dll" targetdir="$INSTALL_PATH/bin">
              <os family="Windows"/>
            </file>
            <file override="update"
                            src="..\..\StateEditor\bin\Qt5WebKitWidgets.dll" targetdir="$INSTALL_PATH/bin">
              <os family="Windows"/>
            </file>
            <file override="update"
                            src="..\..\StateEditor\bin\Qt5V8.dll" targetdir="$INSTALL_PATH/bin">
                <os family="Windows"/>
            </file>
            <file override="update"
                            src="..\..\StateEditor\bin\Qt5OpenGL.dll" targetdir="$INSTALL_PATH/bin">
                <os family="Windows"/>
            </file>
            <file override="update"
                            src="..\..\StateEditor\bin\Qt5PrintSupport.dll" targetdir="$INSTALL_PATH/bin">
                <os family="Windows"/>
            </file>
            <file override="update"
                            src="..\..\StateEditor\bin\Qt5Qml.dll" targetdir="$INSTALL_PATH/bin">
                <os family="Windows"/>
            </file>
            <file override="update"
                            src="..\..\StateEditor\bin\Qt5XmlPatterns.dll" targetdir="$INSTALL_PATH/bin">
                <os family="Windows"/>
            </file>
            <file override="update"
                            src="..\..\StateEditor\bin\Qt5Quick.dll" targetdir="$INSTALL_PATH/bin">
                <os family="Windows"/>
            </file>
            <file override="update"
                            src="..\..\StateEditor\bin\Qt5Sql.dll" targetdir="$INSTALL_PATH/bin">
                <os family="Windows"/>
            </file>
            <file override="update"
                            src="..\..\StateEditor\bin\D3DCOMPILER_43.dll" targetdir="$INSTALL_PATH/bin">
                <os family="Windows"/>
            </file>
            <file override="update"
                            src="..\..\StateEditor\bin\icudt49.dll" targetdir="$INSTALL_PATH/bin">
                <os family="Windows"/>
            </file>
            <file override="update"
                            src="..\..\StateEditor\bin\icuin49.dll" targetdir="$INSTALL_PATH/bin">
                <os family="Windows"/>
            </file>
            <file override="update"
                            src="..\..\StateEditor\bin\icuuc49.dll" targetdir="$INSTALL_PATH/bin">
                <os family="Windows"/>
            </file>
            <file override="update"
                            src="..\..\StateEditor\bin\libEGL.dll" targetdir="$INSTALL_PATH/bin">
                <os family="Windows"/>
            </file>
            <file override="update"
                            src="..\..\StateEditor\bin\libGLESv2.dll" targetdir="$INSTALL_PATH/bin">
                <os family="Windows"/>
            </file>
            <file override="update"
                            src="..\..\StateEditor\bin\msvcr100.dll" targetdir="$INSTALL_PATH/bin">
                <os family="Windows"/>
            </file>
            <file override="update"
                            src="..\..\StateEditor\bin\msvcp100.dll" targetdir="$INSTALL_PATH/bin">
                <os family="Windows"/>
            </file>
            <file override="update"
                           src="C:\Qt\Qt5.0.0\5.0.0\msvc2010\plugins\platforms\qminimal.dll" targetdir="$INSTALL_PATH/bin/platforms">
                <os family="Windows"/>
            </file>
            <file override="update"
                           src="C:\Qt\Qt5.0.0\5.0.0\msvc2010\plugins\platforms\qwindows.dll" targetdir="$INSTALL_PATH/bin/platforms">
                <os family="Windows"/>
            </file>
            <file override="update"
                 src="script\postInstall.bat" targetdir="$INSTALL_PATH/script/">
                <os family="Windows"/>
            </file>
            <file override="update"
                  src="script\preUninstall.bat" targetdir="$INSTALL_PATH/script/">
                <os family="Windows"/>
            </file>
            <executable failure="warn" keep="false" stage="uninstall" targetfile="$INSTALL_PATH/script/preUninstall.bat">
                <os family="Windows"/>
            </executable>
        </pack>
        <pack name="Help online" preselected="yes" required="yes">
            <description/>
            <file override="update"
                src="doc\StateBuilderCpp.url" targetdir="$INSTALL_PATH/doc"/>
        </pack>        
        <pack name="Header files and Library" preselected="yes" required="yes">
            <description/>
            <file override="update"
                src="src" targetdir="$INSTALL_PATH/"/>
        </pack>
        <pack name="Data" preselected="yes" required="yes">
            <description/>
            <file override="update"
                src="share" targetdir="$INSTALL_PATH/"/>
            <file override="update"
                src="README.html" targetdir="$INSTALL_PATH/"/>
            <parsable targetfile="$INSTALL_PATH/README.html"/>
            <file override="update"
                src="Copyright.txt" targetdir="$INSTALL_PATH/"/>
        </pack>
        <pack name="Build" preselected="yes" required="yes">
            <description>The files needed to compile the state machine libraries and the examples</description>
            <file override="update"
                src="build\mingw\gen-makefile.bat" targetdir="$INSTALL_PATH/build/mingw/"/>
            <file override="update"
                src="build\mingw\qt-env.bat" targetdir="$INSTALL_PATH/build/mingw"/>
            <file override="update"
               src="build\mingw\build.bat" targetdir="$INSTALL_PATH/build/mingw/"/>
            <file override="update"
                  src="build\mingw\test.bat" targetdir="$INSTALL_PATH/build/mingw"/>
          <file override="update"
                src="build\mingw\clean.bat" targetdir="$INSTALL_PATH/build/mingw"/>          
            <file override="update"
                src="build\vs2008\gen-vs2008.bat" targetdir="$INSTALL_PATH/build/vs2008"/>
            <file override="update"
                src="build\vs2008\build.bat" targetdir="$INSTALL_PATH/build/vs2008"/>
            <file override="update"
                  src="build\vs2008\test.bat" targetdir="$INSTALL_PATH/build/vs2008"/>
          <file override="update"
                  src="build\vs2008\clean.bat" targetdir="$INSTALL_PATH/build/vs2008"/>
            <file override="update"
                src="build\vs2008\qt-env.bat" targetdir="$INSTALL_PATH/build/vs2008"/>
            <file override="update"
                src="build\vs2010\gen-vs2010.bat" targetdir="$INSTALL_PATH/build/vs2010"/>
            <file override="update"
                src="build\vs2010\test.bat" targetdir="$INSTALL_PATH/build/vs2010"/>
            <file override="update"
                src="build\vs2010\qt-env.bat" targetdir="$INSTALL_PATH/build/vs2010"/>
            <file override="update"
                src="build\boost-env.bat" targetdir="$INSTALL_PATH/build/"/>
            <singlefile override="update"
                src="CMakeListsBinPackage.txt" target="$INSTALL_PATH/CMakeLists.txt"/>
        </pack>
        <pack name="Examples" preselected="yes" required="yes">
            <description/>
            <fileset dir="examples" targetdir="$INSTALL_PATH/examples">
                <exclude name="**/*~"/>
                <exclude name="**/*.log"/>
                <exclude name="**/*.bak"/>
            </fileset>
        </pack>
        <listeners>
            <listener installer="SummaryLoggerInstallerListener"/>
            <listener installer="RegistryInstallerListener" uninstaller="RegistryUninstallerListener" />
        </listeners>
    </packs>
    <native type="izpack" name="ShellLink.dll"/>
    <native type="izpack" name="ShellLink_x64.dll"/>
    <native type="3rdparty" name="COIOSHelper.dll" stage="both"/>
    <native type="3rdparty" name="COIOSHelper_x64.dll" stage="both"/>
</installation>
