<?xml version="1.0" encoding="utf-8" standalone="yes" ?>
<registry>
    <pack name="Core">
        <!-- For CMake to locate StateBuilderCpp-->
        <value name="STATEBUILDERCPP_HOME"
        	   keypath="Environment"
        	   root="HKCU"
        	   string="$INSTALL_PATH"/>
        
        <value name="InstallLocation"
        	   keypath="SOFTWARE\StateForge\StateBuilderCpp"
        	   root="HKCU"
        	   string="$INSTALL_PATH"/>
        <value name="DWORD"
        	   keypath="SOFTWARE\StateForge\StateBuilderCpp"
        	   root="HKCU"
        	   dword="42"/>

        <value name=""
        	   keypath="Software\Classes\.fsmcpp"
        	   root="HKCU"
        	   string="StateMachine.cpp"/>

        <value name=""
        	   keypath="Software\Classes\StateMachine.cpp"
        	   root="HKCU"
        	   string="State Machine for C++"/>

        <value name=""
        	   keypath="Software\Classes\StateMachine.cpp\DefaultIcon"
        	   root="HKCU"
        	   string="$INSTALL_PATH\bin\StateBuilderCpp.exe"/>

        <!--<value name=""
        	   keypath="Software\Classes\StateMachine.cpp\shell\Generate\command"
        	   root="HKCU"
        	   string="&quot;$INSTALL_PATH\bin\StateBuilderCpp.exe&quot; &quot;%1&quot;"/>-->

        <value name=""
        	   keypath="Software\Classes\StateMachine.cpp\shell\Edit\command"
        	   root="HKCU"
        	   string="&quot;$INSTALL_PATH\bin\StateEditor.exe&quot; &quot;%1&quot;"/>
    </pack>
    <pack name="UninstallStuff">
        <!-- Special "pack", if not defined an uninstall key will be generated automatically -->
        <!-- The variable $UNINSTALL_NAME can be only used if CheckedHelloPanel will be used
	               because there the variable will be declared. With that variabel it is possible
	               to install more as one instances of the product on one machine each with an
	               unique uninstall key. -->
        <value name="DisplayName"
               keypath="SOFTWARE\Microsoft\Windows\CurrentVersion\Uninstall\StateBuilderCpp"
               root="HKCU"
               string="StateBuilderCpp"/>
        <value name="DisplayIcon"
               keypath="SOFTWARE\Microsoft\Windows\CurrentVersion\Uninstall\StateBuilderCpp"
               root="HKCU"
               string="$INSTALL_PATH\bin\StateBuilderCpp.exe"/>
        <value name="DisplayVersion"
               keypath="SOFTWARE\Microsoft\Windows\CurrentVersion\Uninstall\StateBuilderCpp"
               root="HKCU"
               string="$APP_VER"/>
        <value name="Version"
               keypath="SOFTWARE\Microsoft\Windows\CurrentVersion\Uninstall\StateBuilderCpp"
               root="HKCU"
               string="$APP_VER"/>
        <!--Include jar and uninstaller directory to help IzPaxk to locate the former installations-->
        <value name="UninstallString"
               keypath="SOFTWARE\Microsoft\Windows\CurrentVersion\Uninstall\StateBuilderCpp"
               root="HKCU"
               string="&quot;$JAVA_HOME\bin\java&quot; -jar &quot;$INSTALL_PATH\uninstaller\uninstaller.jar&quot;"/>
        <value name="HelpLink"
               keypath="SOFTWARE\Microsoft\Windows\CurrentVersion\Uninstall\StateBuilderCpp"
               root="HKCU"
               string="$APP_URL"/>
        <value name="URLInfoAbout"
               keypath="SOFTWARE\Microsoft\Windows\CurrentVersion\Uninstall\StateBuilderCpp"
               root="HKCU"
               string="$APP_URL"/>        
        <value name="Publisher"
               keypath="SOFTWARE\Microsoft\Windows\CurrentVersion\Uninstall\StateBuilderCpp"
               root="HKCU"
               string="StateForge"/>
        <value name="InstallLocation"
               keypath="SOFTWARE\Microsoft\Windows\CurrentVersion\Uninstall\StateBuilderCpp"
               root="HKCU"
               string="$INSTALL_PATH"/>
    </pack>
</registry>
