<launch4jConfig>
  <dontWrapJar>false</dontWrapJar>
  <headerType>console</headerType>
  <jar>@CMAKE_CURRENT_SOURCE_DIR@/bin/@STATEBUILDERCPP_JAR_NAME@</jar>
  <outfile>@CMAKE_CURRENT_SOURCE_DIR@/bin/@STATEBUILDERCPP_EXE@</outfile>
  <errTitle></errTitle>
  <cmdLine></cmdLine>
  <chdir></chdir>
  <priority>normal</priority>
  <downloadUrl>http://java.com/download</downloadUrl>
  <supportUrl></supportUrl>
  <customProcName>false</customProcName>
  <stayAlive>true</stayAlive>
  <manifest></manifest>
  <icon>@CMAKE_CURRENT_SOURCE_DIR@/icons/StateBuilderCpp.ico</icon>
  <jre>
    <path></path>
    <minVersion>1.6.0</minVersion>
    <maxVersion></maxVersion>
    <jdkPreference>preferJre</jdkPreference>
  </jre>
</launch4jConfig>